{
  "Aix en Provence": [
    43.5298424,
    5.4474738
  ],
  "Akureyri": [
    65.6826364,
    -18.0912993
  ],
  "Hofn": [
    64.2532647,
    -15.2080441
  ],
  "Troms\u00f8": [
    69.6489,
    18.9551
  ],
  "Fl\u00e5m": [
    60.8633,
    7.1159
  ],
  "Vik": [
    63.4189,
    -18.994
  ],
  "Maastricht": [
    50.8514,
    5.691
  ],
  "Porto-Ota": [
    42.2667,
    8.6333
  ],
  "Zagreb": [
    45.815,
    15.9819
  ],
  "Zadar": [
    44.1194,
    15.2314
  ],
  "Stavanger": [
    58.97,
    5.7331
  ],
  "Invernes s": [
    57.4745541,
    -4.2291087
  ]
}