{
  "Aix en Provence": [
    43.5298424,
    5.4474738
  ],
  "Akureyri": [
    65.6826364,
    -18.0912993
  ],
  "Hofn": [
    64.2532647,
    -15.2080441
  ],
  "Cheltenham": [
    51.8995685,
    -2.0711559
  ],
  "Barnstaple": [
    51.0809012,
    -4.0605978
  ],
  "Truro": [
    50.2633354,
    -5.0510781
  ],
  "Plymouth": [
    50.3714122,
    -4.1424451
  ],
  "Exeter": [
    50.7256138,
    -3.5269209
  ],
  "Bournemouth": [
    50.7201514,
    -1.8799118
  ],
  "Tromsø": [
    69.6489,
    18.9551
  ],
  "Abisko": [
    68.3493,
    18.8306
  ],
  "Flåm": [
    60.8633,
    7.1159
  ],
  "Vik": [
    63.4189,
    -18.994
  ],
  "Maastricht": [
    50.8514,
    5.691
  ],
  "Porto-Ota": [
    42.2667,
    8.6333
  ],
  "Corte": [
    42.3069,
    9.1497
  ],
  "Bonifacio": [
    41.3871,
    9.1597
  ],
  "Cala Gonone": [
    40.2833,
    9.6167
  ],
  "Olbia": [
    40.9167,
    9.5
  ],
  "Alghero": [
    40.5594,
    8.3197
  ],
  "Cagliari": [
    39.2238,
    9.1217
  ],
  "Ajaccio": [
    41.9192,
    8.7386
  ],
  "Dubrovnik": [
    42.6507,
    18.0944
  ],
  "Split": [
    43.5081,
    16.4402
  ],
  "Zagreb": [
    45.815,
    15.9819
  ],
  "Zadar": [
    44.1194,
    15.2314
  ],
  "Stavanger": [
    58.97,
    5.7331
  ],
  "Bergen": [
    60.3913,
    5.3221
  ],
  "Flam": [
    60.8633,
    7.1159
  ],
  "Bruges": [
    51.2093,
    3.2247
  ],
  "Brussels": [
    50.8503,
    4.3517
  ]
}
